"Time (s)","Gyroscope x (rad/s)","Gyroscope y (rad/s)","Gyroscope z (rad/s)","Absolute (rad/s)"
3.293812500E-2,7.002363354E-2,5.413137376E-2,3.425156325E-2,9.490355349E-2
4.295812500E-2,-3.044011816E-2,-2.151818424E-1,6.065199152E-3,2.174088608E-1
5.297812500E-2,-1.158714145E-1,-4.544124007E-1,-2.427480184E-2,4.695807499E-1
6.299712500E-2,-1.681519449E-1,-6.599413753E-1,-2.175731584E-2,6.813744023E-1
7.301712500E-2,-1.700958014E-1,-7.659782171E-1,2.835984156E-2,7.851493433E-1
8.303712500E-2,-1.457300037E-1,-7.500485182E-1,9.188608825E-2,7.695797989E-1
9.305712500E-2,-1.181862801E-1,-5.799315572E-1,9.785962105E-2,5.998875838E-1
1.030771250E-1,-7.412721217E-2,-4.359120429E-1,-8.497711271E-3,4.422514712E-1
1.130971250E-1,5.122750066E-3,-2.732000053E-1,-1.045057699E-1,2.925507501E-1
1.231161250E-1,5.490202457E-2,1.227044463E-1,-7.338007540E-2,1.531510657E-1
1.331361250E-1,7.889386266E-2,4.175860584E-1,-5.962405726E-2,4.291356265E-1
1.431561250E-1,6.277029216E-2,5.677516460E-1,-2.739794180E-2,5.718677193E-1
1.531761250E-1,-1.997746155E-2,6.020501256E-1,2.907149121E-2,6.030825850E-1
1.631961250E-1,-1.800432950E-1,5.419335365E-1,9.208960086E-2,5.784358570E-1
1.732161250E-1,-3.778418005E-1,4.104465544E-1,1.665041298E-1,5.821979263E-1
1.832351250E-1,-5.954316258E-1,3.558631837E-1,2.634003162E-1,7.419953862E-1
1.932551250E-1,-7.795457244E-1,3.585815430E-1,3.473429680E-1,9.256994095E-1
2.032751250E-1,-8.915044665E-1,2.739531994E-1,3.511728644E-1,9.965705946E-1
2.132951250E-1,-9.460956454E-1,1.492415667E-1,2.887019813E-1,1.000359360E0
2.233151250E-1,-9.619129896E-1,7.484057546E-2,2.537496090E-1,9.976304804E-1
2.333351250E-1,-9.142749310E-1,5.706644431E-2,2.888700366E-1,9.605212785E-1
2.433541250E-1,-8.313278556E-1,1.227591708E-1,3.761104047E-1,9.206708717E-1
2.533741250E-1,-7.473245263E-1,2.429671288E-1,4.553878009E-1,9.082428213E-1
2.633941250E-1,-6.940035224E-1,2.892331779E-1,5.187771916E-1,9.134694822E-1
2.734141250E-1,-6.527531147E-1,1.370211989E-1,5.418100953E-1,8.593134568E-1
2.834341250E-1,-5.705608130E-1,-2.922876365E-2,5.248286724E-1,7.757828931E-1
2.934541667E-1,-4.547762275E-1,-1.576702893E-1,5.060187578E-1,6.983812143E-1
3.034731667E-1,-3.532474935E-1,-2.468411773E-1,4.883497357E-1,6.513062436E-1
3.134931667E-1,-2.933099568E-1,-3.782667816E-1,4.925101101E-1,6.867915968E-1
3.235131667E-1,-2.929437757E-1,-5.106639862E-1,4.786728621E-1,7.587631194E-1
3.335331667E-1,-3.351140320E-1,-5.974569917E-1,4.753255546E-1,8.337809390E-1
3.435531667E-1,-3.693092763E-1,-7.558248043E-1,4.766017497E-1,9.668555757E-1
3.535721667E-1,-4.271869957E-1,-9.086683989E-1,4.986025095E-1,1.121058184E0
3.635921667E-1,-4.827354848E-1,-9.705983400E-1,5.231765509E-1,1.203664567E0
3.736121667E-1,-4.938074350E-1,-1.017254829E0,5.601052642E-1,1.261891865E0
3.836321667E-1,-4.698264897E-1,-9.396103024E-1,6.103841066E-1,1.214978686E0
3.936521667E-1,-4.211977720E-1,-7.314270735E-1,6.494582891E-1,1.064983191E0
4.036721667E-1,-3.421085477E-1,-5.390539169E-1,6.500428319E-1,9.111383359E-1
4.136911667E-1,-3.081000745E-1,-4.144755304E-1,5.921677351E-1,7.857342093E-1
4.237111667E-1,-3.794171512E-1,-4.629019201E-1,5.357625484E-1,8.032913983E-1
4.337311667E-1,-5.434908867E-1,-6.204842329E-1,5.056353211E-1,9.674968244E-1
4.437511667E-1,-7.334573269E-1,-7.242348790E-1,4.829625189E-1,1.138300753E0
4.537711667E-1,-9.480280280E-1,-7.707510591E-1,3.837895989E-1,1.280667323E0
4.637911667E-1,-1.216625094E0,-1.149296045E0,4.974476621E-2,1.674375275E0
4.738101667E-1,-1.342900753E0,-1.134804368E0,-3.274317458E-2,1.758475334E0
4.838301667E-1,-1.394918680E0,-1.012441635E0,-6.660313904E-2,1.724897727E0
4.938501667E-1,-1.384879470E0,-9.986039400E-1,-9.559106827E-2,1.710040534E0
5.038701667E-1,-1.271822095E0,-9.550345540E-1,-1.610731333E-1,1.598614086E0
5.138901667E-1,-1.126214862E0,-9.212769866E-1,-2.493182421E-1,1.476235343E0
5.239101667E-1,-9.921603203E-1,-1.042140603E0,-3.139214516E-1,1.472747709E0
5.339291667E-1,-8.660326600E-1,-1.086130977E0,-3.117347956E-1,1.423682426E0
5.439491667E-1,-6.794390678E-1,-8.566709161E-1,-2.650645077E-1,1.125069642E0
5.539691667E-1,-4.363996089E-1,-3.900454640E-1,-2.423685193E-1,6.335002619E-1
5.639891667E-1,-2.061826438E-1,6.969974935E-2,-2.441019714E-1,3.270399212E-1
5.740091667E-1,-2.262508571E-1,6.733932346E-2,-2.241468281E-1,3.255239398E-1
5.840291667E-1,-3.596225083E-1,-4.219542816E-2,-1.734825820E-1,4.015034357E-1
5.940481667E-1,-4.517769814E-1,5.690790340E-2,-1.327095330E-1,4.742918621E-1
6.040681667E-1,-5.231121778E-1,3.230985701E-1,-5.738681927E-2,6.175210795E-1
6.140881667E-1,-6.141259074E-1,5.116922855E-1,6.024895236E-2,8.016293168E-1
6.241081667E-1,-7.615366578E-1,5.371209383E-1,1.565688252E-1,9.449607297E-1
6.341281667E-1,-9.745599627E-1,4.797662795E-1,2.026770264E-1,1.104998091E0
6.441481667E-1,-1.217334986E0,3.975699544E-1,2.012242675E-1,1.296324628E0
6.541671667E-1,-1.485218883E0,1.658325940E-1,1.713559330E-1,1.504240152E0
6.641871667E-1,-1.745795369E0,-6.916871667E-2,1.419530362E-1,1.752922259E0
6.742071667E-1,-1.967727065E0,-1.325955093E-1,8.262310922E-2,1.973919439E0
6.842271667E-1,-2.108013630E0,-1.210690010E-2,-3.266912699E-2,2.108301523E0
6.942471667E-1,-2.053203821E0,3.162977993E-1,-1.428374052E-1,2.082328685E0
7.042661667E-1,-1.982486129E0,6.007580161E-1,-2.354038209E-1,2.084844456E0
7.142861667E-1,-1.950350523E0,7.758989930E-1,-3.249658048E-1,2.124026644E0
7.243061667E-1,-1.994058847E0,7.348982692E-1,-4.169878662E-1,2.165692738E0
7.343261667E-1,-2.068472862E0,6.140401959E-1,-4.801220894E-1,2.210462070E0
7.443461667E-1,-2.135413408E0,5.376870632E-1,-3.337827325E-1,2.227219952E0
7.543661667E-1,-2.084833145E0,4.222558439E-1,-1.185338050E-1,2.130464622E0
7.643851667E-1,-1.977422118E0,1.000535935E-1,-2.049325779E-2,1.980057809E0
7.744051667E-1,-1.720459938E0,-4.120513052E-2,-6.373395771E-2,1.722133061E0
7.844251667E-1,-1.334229112E0,1.347493976E-1,-1.859661341E-1,1.353849373E0
7.944451667E-1,-9.399946332E-1,2.482503206E-1,-2.628952265E-1,1.007140523E0
8.044651667E-1,-6.285661459E-1,2.281453162E-1,-2.216793597E-1,7.044767020E-1
8.144851667E-1,-3.914861381E-1,2.401401848E-1,-1.057061926E-1,4.712775231E-1
8.245041667E-1,-1.923849881E-1,2.990466654E-1,-4.079960752E-3,3.556086864E-1
8.345241667E-1,1.737222634E-2,3.081316352E-1,2.605645219E-3,3.086319624E-1
8.445441667E-1,2.221724987E-1,1.748587787E-1,-6.899689883E-2,2.910271185E-1
8.545641667E-1,3.598300815E-1,7.299882825E-3,-1.558884978E-1,3.922144816E-1
8.645841667E-1,4.296248853E-1,-8.170908689E-2,-2.221806943E-1,4.905284680E-1
8.746041667E-1,4.647254646E-1,-2.921118401E-2,-2.867527008E-1,5.468547907E-1
8.846231667E-1,4.720590115E-1,6.267532706E-2,-3.390808702E-1,5.845885249E-1
8.946431667E-1,4.343258440E-1,1.300715357E-1,-3.520737290E-1,5.740326244E-1
9.046631667E-1,3.413040340E-1,2.242105603E-1,-3.184798360E-1,5.178689264E-1
9.146831667E-1,1.950650513E-1,2.365635037E-1,-3.011332750E-1,4.297602993E-1
9.247031667E-1,2.695513517E-2,1.208350360E-1,-2.699601650E-1,2.969952457E-1
9.347231667E-1,-1.683837771E-1,-3.304400668E-2,-2.065847814E-1,2.685559061E-1
9.447421667E-1,-3.466086388E-1,-9.576624632E-2,-1.324927211E-1,3.832271435E-1
9.547621667E-1,-4.621939659E-1,-2.538696397E-3,-8.585661650E-2,4.701075044E-1
9.647821667E-1,-5.870807767E-1,1.632159203E-1,-2.037880383E-2,6.096872728E-1
9.748021667E-1,-7.289717793E-1,1.793819666E-1,4.688813910E-2,7.521809906E-1
9.848221667E-1,-8.509021997E-1,7.166795433E-3,4.692275822E-2,8.522251239E-1
9.948411667E-1,-9.169806838E-1,-1.468415409E-1,-8.097511716E-3,9.286988652E-1
1.004861167E0,-9.512318373E-1,-2.234835923E-1,-1.069639027E-1,9.829690742E-1
1.014881167E0,-9.620648623E-1,-2.067293227E-1,-2.054090649E-1,1.005235642E0
1.024901167E0,-9.842244387E-1,-2.211165130E-1,-2.943698168E-1,1.050830075E0
1.034921167E0,-1.037221551E0,-2.965002656E-1,-3.497082889E-1,1.134035643E0
1.044941167E0,-1.088244796E0,-3.326510787E-1,-3.564242423E-1,1.192464556E0
1.054960167E0,-1.117495298E0,-2.492492646E-1,-3.111688793E-1,1.186485149E0
1.064980167E0,-1.136391282E0,-1.774238655E-3,-2.471864522E-1,1.162965793E0
1.075000167E0,-1.184340119E0,2.351956964E-1,-1.747499853E-1,1.220047577E0
1.085020167E0,-1.205747962E0,4.190046787E-1,-1.188464984E-1,1.281997488E0
1.095040167E0,-1.202537179E0,5.534920692E-1,-7.687768340E-2,1.326031416E0
1.105060167E0,-1.207021356E0,6.502209902E-1,-8.800011128E-2,1.373838385E0
1.115079167E0,-1.291766405E0,7.057060599E-1,-1.131766886E-1,1.476309741E0
1.125099167E0,-1.345750332E0,6.477817893E-1,-1.433670819E-1,1.500406386E0
1.135119167E0,-1.392629147E0,6.786838770E-1,-1.070098206E-1,1.552893701E0
1.145139167E0,-1.392877698E0,5.292165875E-1,-2.126828954E-2,1.490178116E0
1.155159167E0,-1.401746988E0,2.611260414E-1,7.332221419E-2,1.427745627E0
1.165178167E0,-1.436985850E0,1.809736788E-1,1.671134233E-1,1.457946056E0
1.175198167E0,-1.455473542E0,1.261513680E-1,2.497650981E-1,1.482126852E0
1.185218167E0,-1.464923263E0,1.440470219E-1,3.361484706E-1,1.509882613E0
1.195238167E0,-1.438274622E0,1.652834713E-1,5.050467253E-1,1.533305158E0
1.205258167E0,-1.497786641E0,1.127765235E-2,5.305292010E-1,1.589010145E0
1.215278167E0,-1.592429161E0,-2.021455467E-1,4.534589946E-1,1.668028332E0
1.225297167E0,-1.631923914E0,-2.411342263E-1,4.210179448E-1,1.702520921E0
1.235317167E0,-1.679811716E0,-1.906896383E-1,4.037139416E-1,1.738135463E0
1.245337167E0,-1.687971950E0,-3.257997930E-1,3.362725973E-1,1.751706045E0
1.255357167E0,-1.653535366E0,-5.592800379E-1,2.126313448E-1,1.758461105E0
1.265377167E0,-1.609010220E0,-7.712231874E-1,9.294623137E-2,1.786711531E0
1.275397167E0,-1.577820897E0,-7.537504435E-1,1.630795188E-2,1.748692215E0
1.285416167E0,-1.446948886E0,-5.356921554E-1,4.331400245E-2,1.543535962E0
1.295436500E0,-1.392531395E0,-6.601351500E-1,2.676661313E-2,1.541310661E0
1.305456500E0,-1.348553896E0,-7.346501350E-1,3.273788025E-5,1.535678492E0
1.315476500E0,-1.262849927E0,-6.224933267E-1,-7.004757412E-3,1.407954881E0
1.325496500E0,-1.167471766E0,-4.574393630E-1,2.118453756E-2,1.254069329E0
1.335516500E0,-1.072109222E0,-3.151428699E-1,1.069014370E-1,1.122568987E0
1.345535500E0,-1.016901970E0,-2.682997286E-1,2.001722604E-1,1.070580821E0
1.355555500E0,-9.437666535E-1,-3.045381308E-1,2.450164557E-1,1.021504789E0
1.365575500E0,-8.428981304E-1,-3.825165331E-1,2.609991729E-1,9.617259093E-1
1.375595500E0,-6.982600689E-1,-4.263756573E-1,2.689481378E-1,8.612179897E-1
1.385615500E0,-5.367710590E-1,-5.492160916E-1,3.069581091E-1,8.270337151E-1
1.395634500E0,-3.806948066E-1,-6.152306795E-1,3.646252751E-1,8.101783236E-1
1.405654500E0,-2.561326325E-1,-7.015796900E-1,4.355846643E-1,8.646108874E-1
1.415674500E0,-1.596513093E-1,-6.633663774E-1,4.721146226E-1,8.297202589E-1
1.425694500E0,-2.851219662E-2,-4.678397477E-1,4.643592238E-1,6.597851647E-1
1.435714500E0,4.435084388E-2,-3.311536610E-1,4.281992912E-1,5.431246428E-1
1.445734500E0,5.669219792E-2,-2.998431325E-1,3.768287897E-1,4.848915819E-1
1.455753500E0,1.897886023E-2,-3.382982612E-1,3.022079170E-1,4.540215146E-1
1.465773500E0,-5.345459282E-2,-3.108434677E-1,2.046315670E-1,3.759722505E-1
1.475793500E0,-1.057223007E-1,-2.472925186E-1,8.607862145E-2,2.823832922E-1
1.485813500E0,-1.051073745E-1,-9.609687328E-2,-3.297373280E-2,1.461828864E-1
1.495833500E0,-1.419556737E-1,2.463566512E-2,-1.254405528E-1,1.910331426E-1
1.505853500E0,-2.438599318E-1,4.865205288E-2,-2.172285169E-1,3.301861856E-1
1.515872500E0,-3.643355370E-1,3.742243722E-2,-3.234035075E-1,4.886007071E-1
1.525892500E0,-4.810845256E-1,8.459580690E-2,-4.749341607E-1,6.812937900E-1
1.535912500E0,-5.957489610E-1,3.170969486E-1,-6.320077181E-1,9.246085956E-1
1.545932500E0,-6.499749422E-1,5.300454497E-1,-7.815231681E-1,1.146383037E0
1.555952500E0,-6.101135015E-1,5.738459826E-1,-8.767781258E-1,1.212550031E0
1.565971500E0,-4.833515882E-1,6.357005239E-1,-8.819920421E-1,1.189812538E0
1.575991500E0,-3.224865794E-1,7.386941910E-1,-7.570508122E-1,1.105799545E0
1.586011500E0,-2.330661565E-1,5.511464477E-1,-3.953447938E-1,7.172027231E-1
1.596031500E0,-8.652326465E-2,4.840350151E-1,-1.511424333E-1,5.144124865E-1
1.606051500E0,4.006796330E-2,4.667910337E-1,4.320466891E-2,4.704954349E-1
1.616071500E0,1.727334410E-1,4.897361100E-1,1.721185446E-1,5.470860010E-1
1.626090500E0,2.916925848E-1,6.292732358E-1,2.221228480E-1,7.282911018E-1
1.636110500E0,4.034856856E-1,6.544868350E-1,2.560012341E-1,8.103643301E-1
1.646130500E0,5.154691935E-1,5.983143449E-1,2.868806124E-1,8.402315338E-1
1.656150500E0,6.106089950E-1,5.809578300E-1,2.673204243E-1,8.842033444E-1
1.666170500E0,7.056233883E-1,5.221206546E-1,2.349616736E-1,9.086920997E-1
1.676190500E0,8.036921024E-1,4.289398491E-1,1.581500322E-1,9.246198259E-1
1.686209500E0,8.971315026E-1,3.121336102E-1,1.083473191E-1,9.560394684E-1
1.696229500E0,9.701566100E-1,2.856386304E-1,6.935060769E-2,1.013707444E0
1.706249500E0,1.066221833E0,3.516386747E-1,4.335283488E-2,1.123547161E0
1.716269500E0,1.095283508E0,2.752628326E-1,-9.396743844E-4,1.129343382E0
1.726289500E0,1.094475865E0,1.427915990E-1,-6.289998442E-2,1.105542070E0
1.736308500E0,1.090144157E0,1.354846805E-1,-9.704144299E-2,1.102808879E0
1.746328500E0,1.047208190E0,1.364247799E-1,-1.529960483E-1,1.067082239E0
1.756348500E0,9.669616818E-1,1.380948424E-1,-1.986672133E-1,9.967716596E-1
1.766368500E0,8.331916332E-1,1.144949719E-1,-2.004669756E-1,8.645833705E-1
1.776388500E0,6.957521439E-1,1.180489659E-1,-1.581471413E-1,7.231992273E-1
1.786408500E0,5.503765345E-1,1.061417088E-1,-9.641452879E-2,5.687496403E-1
1.796427500E0,3.839588463E-1,1.027761400E-1,-4.195721075E-2,3.996845483E-1
1.806447500E0,2.217936218E-1,9.317490458E-2,1.425519679E-2,2.409920832E-1
1.816467500E0,3.404338285E-2,7.288222015E-2,6.907242537E-2,1.060272129E-1
1.826487500E0,-1.140358374E-1,6.743711978E-2,1.335187852E-1,1.880936026E-1
1.836507500E0,-2.368801534E-1,-1.563585550E-2,2.043278217E-1,3.132196446E-1
1.846527500E0,-3.311315477E-1,-1.066911966E-1,2.366228998E-1,4.207392423E-1
1.856546500E0,-3.953193724E-1,-6.463263184E-2,2.148560137E-1,4.545524061E-1
1.866566500E0,-4.754493535E-1,-4.397981614E-2,1.577421278E-1,5.028607072E-1
1.876586500E0,-5.776324868E-1,-1.051132753E-1,9.916482121E-2,5.954340872E-1
1.886606500E0,-6.684012413E-1,-2.181793749E-1,4.525711387E-2,7.045641670E-1
1.896626500E0,-7.172235847E-1,-3.141441941E-1,2.878547460E-2,7.835335657E-1
1.906645500E0,-7.574999332E-1,-3.481996357E-1,4.451277107E-2,8.348835380E-1
1.916665500E0,-7.987807989E-1,-3.946049511E-1,7.945697755E-2,8.944703704E-1
1.926685500E0,-8.407714367E-1,-4.472021163E-1,1.201519445E-1,9.598556304E-1
1.936705500E0,-8.657580018E-1,-4.374563992E-1,1.285379678E-1,9.784820019E-1
1.946725500E0,-8.490314484E-1,-3.427447975E-1,1.145489141E-1,9.227404024E-1
1.956745500E0,-7.804409862E-1,-1.735445261E-1,8.004039526E-2,8.035000313E-1
1.966764500E0,-6.971857548E-1,-3.198447451E-2,5.932392925E-2,7.004358014E-1
1.976784500E0,-6.100125313E-1,-3.932327405E-2,7.793716341E-2,6.162270764E-1
1.986804500E0,-5.292204618E-1,-2.766209096E-2,9.083911777E-2,5.376720504E-1
1.996824500E0,-4.468363225E-1,2.074098587E-2,9.433432668E-2,4.571562674E-1
2.006844500E0,-3.539386094E-1,7.353789359E-2,9.486962110E-2,3.737386868E-1
2.016863500E0,-2.457105070E-1,8.915032446E-2,8.094359934E-2,2.736298593E-1
2.026883500E0,-1.616267860E-1,9.482605755E-2,5.069967359E-2,1.941279373E-1
2.036903500E0,-7.571400702E-2,1.228024513E-1,-1.720282598E-4,1.442673993E-1
2.046923500E0,2.716630511E-2,1.641325802E-1,-4.084116220E-2,1.713053196E-1
2.056943500E0,8.142565191E-2,1.293929368E-1,-6.823586673E-2,1.674180468E-1
2.066963500E0,1.050180644E-1,6.119897589E-2,-8.143661916E-2,1.463080020E-1
2.076982500E0,1.482232511E-1,3.034414910E-2,-6.300118566E-2,1.638903565E-1
2.087002500E0,1.679982990E-1,-3.727564216E-2,-3.567688167E-2,1.757433977E-1
2.097022500E0,1.684758365E-1,-1.558887810E-1,1.223355299E-3,2.295363067E-1
2.107042500E0,1.593449265E-1,-2.479478717E-1,3.210563585E-2,2.964788770E-1
2.117062500E0,1.442962736E-1,-3.122798204E-1,6.799468398E-2,3.506613436E-1
2.127082500E0,9.881961346E-2,-3.743876815E-1,8.808663487E-2,3.971028926E-1
2.137101500E0,3.739491105E-2,-3.626292348E-1,8.948161453E-2,3.753735481E-1
2.147121500E0,-3.278790787E-2,-3.305852711E-1,7.143736631E-2,3.398013621E-1
2.157141500E0,-1.158796847E-1,-2.916892171E-1,4.487084597E-2,3.170553477E-1
2.167161500E0,-2.040713280E-1,-2.843396962E-1,3.918259963E-2,3.521781451E-1
2.177181500E0,-2.861157358E-1,-2.668494582E-1,5.338260531E-2,3.948677629E-1
2.187200500E0,-3.578530550E-1,-2.114722133E-1,6.881722063E-2,4.213254274E-1
2.197220500E0,-4.400298297E-1,-1.742295623E-1,9.467667341E-2,4.826446560E-1
2.207240500E0,-5.299722552E-1,-1.818552613E-1,1.062371880E-1,5.702878812E-1
2.217260500E0,-5.530312657E-1,-1.872949004E-1,9.923686087E-2,5.922591622E-1
2.227280500E0,-5.628154278E-1,-1.217883229E-1,6.724909693E-2,5.797551573E-1
2.237300500E0,-5.845428109E-1,-4.767343402E-2,9.246795438E-3,5.865565253E-1
2.247319500E0,-5.906006694E-1,7.141613867E-3,-6.805332005E-2,5.945514340E-1
2.257339500E0,-5.704243779E-1,4.134972394E-2,-1.468431652E-1,5.904715791E-1
2.267359500E0,-5.353090167E-1,6.846389174E-2,-1.916415244E-1,5.726862332E-1
2.277379500E0,-4.796242714E-1,5.826891586E-2,-2.078588605E-1,5.259657918E-1
2.287399500E0,-3.899260759E-1,8.746754378E-2,-1.779467613E-1,4.374448145E-1
2.297419875E0,-2.852240503E-1,1.617439836E-1,-1.215166897E-1,3.496858318E-1
2.307438875E0,-2.110097408E-1,2.141249031E-1,-4.006018117E-2,3.032810626E-1
2.317458875E0,-1.615720987E-1,1.970398426E-1,3.358443081E-2,2.570178139E-1
2.327478875E0,-9.952975810E-2,1.293638647E-1,8.167898655E-2,1.825175035E-1
2.337498875E0,-1.915420778E-2,5.672547966E-2,8.988279104E-2,1.079980548E-1
2.347518875E0,6.178858131E-2,2.596676908E-2,6.001943722E-2,8.996907648E-2
2.357537875E0,1.227543801E-1,8.495386690E-2,7.570190355E-3,1.494761022E-1
2.367557875E0,1.426897347E-1,1.456971020E-1,-4.009639844E-2,2.078358176E-1
2.377577875E0,1.469728500E-1,1.594808996E-1,-8.055775613E-2,2.313541182E-1
2.387597875E0,1.432167292E-1,1.486625969E-1,-9.271854907E-2,2.262925730E-1
2.397617875E0,1.472321302E-1,1.800897717E-1,-8.303764462E-2,2.469916526E-1
2.407637875E0,1.563279033E-1,2.692345679E-1,-5.590669438E-2,3.163087485E-1
2.417656875E0,1.083348840E-1,2.931948006E-1,-1.577776298E-2,3.129673721E-1
2.427676875E0,1.417509280E-2,2.748400271E-1,1.028792560E-2,2.753975584E-1
2.437696875E0,-8.074356616E-2,2.689927220E-1,1.052790694E-2,2.810470509E-1
2.447716875E0,-1.689402759E-1,2.608897984E-1,-4.067547154E-3,3.108389433E-1
2.457736875E0,-2.403350770E-1,2.081071436E-1,-3.493710607E-2,3.198282881E-1
2.467755875E0,-3.208517730E-1,1.983812749E-1,-7.508692890E-2,3.846284407E-1
2.477775875E0,-3.908302784E-1,2.688457966E-1,-1.018558815E-1,4.851813985E-1
2.487795875E0,-4.517743289E-1,3.332588673E-1,-1.225281358E-1,5.746082674E-1
2.497815875E0,-5.088595748E-1,3.449870944E-1,-1.173116267E-1,6.258723352E-1
2.507835875E0,-5.166357160E-1,4.007603526E-1,-9.977924079E-2,6.614206076E-1
2.517855875E0,-5.009260774E-1,4.024270177E-1,-7.693260908E-2,6.471422300E-1
2.527874875E0,-4.871290624E-1,2.911249995E-1,-6.063219532E-2,5.707230080E-1
2.537894875E0,-4.566982090E-1,1.725286543E-1,-4.409643263E-2,4.901876029E-1
2.547914875E0,-4.047465920E-1,5.432904512E-2,-3.847955912E-2,4.101854768E-1
2.557934875E0,-3.424661756E-1,-9.075826406E-2,-2.587161958E-2,3.552315929E-1
2.567954875E0,-2.506116331E-1,-2.168256640E-1,-1.619955152E-2,3.317860526E-1
2.577973875E0,-1.203297377E-1,-3.105481863E-1,-6.036923733E-3,3.331003846E-1
2.587993875E0,4.187155515E-3,-3.594843149E-1,1.107947901E-2,3.596793847E-1
2.598013875E0,9.211897850E-2,-3.478036225E-1,2.211251482E-2,3.604750051E-1
2.608033875E0,1.619904786E-1,-3.004744649E-1,2.542761713E-2,3.423045178E-1
2.618053875E0,2.320116013E-1,-2.460083663E-1,2.365947701E-2,3.389826991E-1
2.628073875E0,2.712876201E-1,-1.746969074E-1,2.504671738E-2,3.236407272E-1
2.638092875E0,2.702961862E-1,-9.750375897E-2,4.968569428E-2,2.916087782E-1
2.648112875E0,2.305996716E-1,-9.513984434E-3,7.494338602E-2,2.426586812E-1
2.658132875E0,1.721630543E-1,2.145664394E-2,1.012465730E-1,2.008765128E-1
2.668152875E0,1.065853685E-1,3.515008464E-2,1.257697493E-1,1.685645249E-1
2.678172875E0,3.677396104E-2,4.307885095E-2,1.257301122E-1,1.378991397E-1
2.688191875E0,-1.369773503E-2,4.369563982E-2,1.001696289E-1,1.101403261E-1
2.698211875E0,-5.259553343E-2,1.241161898E-1,5.571010336E-2,1.458586107E-1
2.708231875E0,-1.021612287E-1,2.312982976E-1,6.042150315E-3,2.529275128E-1
2.718251875E0,-1.543605775E-1,2.959335446E-1,-3.597528860E-2,3.357053352E-1
2.728271875E0,-1.989679933E-1,2.971807122E-1,-6.975536048E-2,3.643767945E-1
2.738291875E0,-2.390652746E-1,2.634496391E-1,-6.976492703E-2,3.625259479E-1
2.748310875E0,-2.710362375E-1,2.134604901E-1,-5.273960158E-2,3.490092956E-1
2.758330875E0,-3.037286997E-1,1.482411474E-1,-5.525302887E-2,3.424608853E-1
2.768350875E0,-3.278050125E-1,7.695339620E-2,-6.580553949E-2,3.430864620E-1
2.778370875E0,-3.314830959E-1,3.593218699E-2,-8.399572968E-2,3.438421840E-1
2.788390875E0,-3.208253980E-1,2.455702797E-2,-9.612296522E-2,3.358148419E-1
2.798409875E0,-3.286750317E-1,1.816497743E-2,-1.034967154E-1,3.450634912E-1
2.808429875E0,-3.285432160E-1,3.342409059E-2,-1.099737883E-1,3.480690287E-1
2.818449875E0,-2.959108949E-1,9.873031825E-2,-1.164466515E-1,3.329726056E-1
2.828469875E0,-2.774599791E-1,1.669053733E-1,-9.931293875E-2,3.386805330E-1
2.838489875E0,-2.676634789E-1,2.382295430E-1,-7.060944289E-2,3.652160271E-1
2.848509875E0,-2.294662893E-1,2.933865488E-1,-3.959133849E-2,3.745636381E-1
2.858528875E0,-2.043506950E-1,2.519021630E-1,-1.388594415E-2,3.246640198E-1
2.868548875E0,-1.596119851E-1,1.657475680E-1,1.432412211E-2,2.305502604E-1
2.878568875E0,-1.077769920E-1,1.177134067E-1,5.476109684E-2,1.687338254E-1
2.888588875E0,-5.041037500E-2,9.493006766E-2,9.725582600E-2,1.449538525E-1
2.898608875E0,-2.581522800E-3,7.416065782E-2,1.251363456E-1,1.454839250E-1
2.908627875E0,4.409836605E-2,7.990349829E-2,1.235736087E-1,1.536218464E-1
2.918647875E0,9.113901854E-2,1.011321694E-1,1.019278690E-1,1.700685946E-1
2.928667875E0,1.310313046E-1,7.657835633E-2,6.783728302E-2,1.662388174E-1
2.938687875E0,1.834999025E-1,4.678177461E-2,3.452694044E-2,1.924911901E-1
2.948707875E0,2.213697881E-1,3.934969008E-2,1.941590011E-2,2.256766677E-1
2.958726875E0,2.387406975E-1,2.814723551E-2,1.642754674E-2,2.409548750E-1
2.968746875E0,2.512754202E-1,-1.017618366E-2,3.797119111E-2,2.543318754E-1
2.978766875E0,2.618660927E-1,-3.994007036E-2,5.937103927E-2,2.714663515E-1
2.988786875E0,2.649745345E-1,-1.465335581E-2,6.688062102E-2,2.736772593E-1
2.998806875E0,2.663419545E-1,1.213524677E-2,6.219929829E-2,2.737773797E-1
3.008826875E0,2.695646584E-1,-1.164198667E-2,4.799639434E-2,2.740516280E-1
3.018845875E0,2.534082532E-1,-4.090587422E-2,4.738458246E-2,2.610255390E-1
3.028865875E0,2.181272358E-1,-7.373679429E-2,4.957130551E-2,2.355290219E-1
3.038885875E0,1.774523109E-1,-1.211064234E-1,4.800198600E-2,2.201369553E-1
3.048905875E0,1.288352460E-1,-1.836840659E-1,2.846716531E-2,2.261608635E-1
3.058925875E0,7.605404407E-2,-2.147627026E-1,2.108931309E-3,2.278413563E-1
3.068945875E0,3.238458931E-2,-2.085165232E-1,-1.366390660E-2,2.114582806E-1
3.078964875E0,1.419952884E-2,-1.662875563E-1,-1.560846623E-2,1.676210077E-1
3.088984875E0,7.936573587E-3,-1.302347481E-1,-1.471076161E-3,1.304846462E-1
3.099004875E0,-1.112297364E-2,-1.380756199E-1,2.171471156E-2,1.402145715E-1
3.109024875E0,-2.689474449E-2,-1.150331646E-1,5.274772644E-2,1.293765005E-1
3.119044875E0,-5.145087093E-2,-6.986074895E-2,7.671380043E-2,1.158133133E-1
3.129063875E0,-6.945037842E-2,-3.904398531E-2,8.605483919E-2,1.172741370E-1
3.139083875E0,-9.155564010E-2,8.563017473E-3,8.372537792E-2,1.243611652E-1
3.149103875E0,-1.060493588E-1,2.728184313E-2,6.580497324E-2,1.277539040E-1
3.159123875E0,-1.107314900E-1,-1.591456868E-2,5.103714019E-2,1.229614819E-1
3.169143875E0,-1.294915974E-1,-3.845449537E-2,3.171404079E-2,1.387537473E-1
3.179162875E0,-1.362476051E-1,-2.907319926E-3,3.652628046E-3,1.363275617E-1
3.189182875E0,-1.381035745E-1,2.392109856E-2,-1.888517290E-2,1.414265393E-1
3.199202875E0,-1.313117146E-1,5.277568474E-2,-3.147095442E-2,1.449774475E-1
3.209222875E0,-1.186505109E-1,9.444856644E-2,-3.424756601E-2,1.554714482E-1
3.219242875E0,-1.160052568E-1,1.126865000E-1,-3.821162879E-2,1.661794074E-1
3.229262875E0,-1.114893332E-1,1.086885557E-1,-4.149184376E-2,1.611354916E-1
3.239281875E0,-8.721956611E-2,1.461574137E-1,-4.277332127E-2,1.754958669E-1
3.249301875E0,-5.639054626E-2,1.790200174E-1,-5.021445826E-2,1.942924398E-1
3.259321875E0,-5.341492966E-2,1.432727575E-1,-7.689779252E-2,1.711534640E-1
3.269341875E0,-5.669594184E-2,8.037076890E-2,-1.150161475E-1,1.513360648E-1
3.279361875E0,-6.828930974E-2,1.519874111E-2,-1.600836366E-1,1.747031834E-1
3.289380875E0,-9.345751256E-2,-2.185461670E-2,-1.847437173E-1,2.081878287E-1
3.299400167E0,-1.292035580E-1,-8.182793111E-2,-1.721473783E-1,2.302696019E-1
3.309420167E0,-1.633431464E-1,-2.432876527E-1,-8.991295844E-2,3.065195027E-1
3.319440167E0,-1.201040149E-1,-2.523803711E-1,2.772374637E-2,2.808726263E-1
3.329460167E0,-4.896778613E-2,-2.601829171E-1,1.221538484E-1,2.915725589E-1
3.339480167E0,9.805998765E-3,-2.128324807E-1,1.773969084E-1,2.772426474E-1
3.349499167E0,5.110416934E-2,-1.300009787E-1,1.745172292E-1,2.235355763E-1
3.359519167E0,1.352779418E-1,5.185882747E-2,1.589543968E-1,2.150719875E-1
3.369539167E0,2.497070432E-1,2.813681662E-1,8.326656371E-2,3.852985505E-1
3.379559167E0,3.232653141E-1,3.817201853E-1,1.019402407E-3,5.002117575E-1
3.389579167E0,3.555694520E-1,3.631294668E-1,-5.444385484E-2,5.111328381E-1
3.399598167E0,3.833218217E-1,3.019098639E-1,-7.457939535E-2,4.936063929E-1
3.409618167E0,4.149023890E-1,2.127307355E-1,-5.209778622E-2,4.691615261E-1
3.419638167E0,4.200283289E-1,1.204700470E-1,-1.226818841E-2,4.371353769E-1
3.429658167E0,3.992239833E-1,5.714327469E-2,4.004215449E-2,4.052758527E-1
3.439678167E0,3.740018010E-1,4.289003089E-2,9.487234056E-2,3.882237279E-1
3.449697167E0,3.398872316E-1,1.956393942E-2,1.389218271E-1,3.677028039E-1
3.459717167E0,2.842005491E-1,-2.745790780E-2,1.645431817E-1,3.295426337E-1
3.469737167E0,2.077737153E-1,-4.182166979E-2,1.519706547E-1,2.607950320E-1
3.479757167E0,1.224107370E-1,-3.014795668E-2,1.112351120E-1,1.681265534E-1
3.489777167E0,4.306557775E-2,-2.425597794E-2,5.746561661E-2,7.579771464E-2
3.499797167E0,-4.024139419E-2,-4.389598966E-2,-3.353212960E-4,5.955115578E-2
3.509816167E0,-1.095307246E-1,-7.261658460E-2,-4.669642821E-2,1.394657822E-1
3.519836167E0,-1.693205237E-1,-1.069360226E-1,-8.991578966E-2,2.195213018E-1
3.529856167E0,-2.390740365E-1,-1.122807264E-1,-1.191959158E-1,2.897775402E-1
3.539876167E0,-3.062762320E-1,-8.023744822E-2,-1.317423880E-1,3.429274489E-1
3.549896167E0,-3.525795341E-1,-6.690699607E-2,-1.284030527E-1,3.811511746E-1
3.559915167E0,-3.785355985E-1,-3.735460714E-2,-1.037697122E-1,3.942749284E-1
3.569935167E0,-3.732827604E-1,2.474205196E-2,-8.207000792E-2,3.829982696E-1
3.579955167E0,-3.739423156E-1,6.057441607E-2,-7.482410967E-2,3.861356791E-1
3.589975167E0,-3.790324330E-1,6.441309303E-2,-7.724625617E-2,3.921499916E-1
3.599995167E0,-3.751662970E-1,6.726548076E-2,-9.089569002E-2,3.918372388E-1
3.610015167E0,-3.427455127E-1,5.186681449E-2,-9.672695398E-2,3.598899228E-1
3.620034167E0,-2.944290042E-1,5.269172043E-2,-7.715894282E-2,3.088986215E-1
3.630054167E0,-2.439338565E-1,2.755973488E-2,-4.858775064E-2,2.502479467E-1
3.640074167E0,-2.017691135E-1,5.597178824E-3,-1.455894485E-2,2.023711107E-1
3.650094167E0,-1.558492929E-1,2.128186636E-2,2.297804318E-2,1.589651232E-1
3.660114167E0,-1.045933589E-1,4.775314406E-2,5.364346504E-2,1.268769279E-1
3.670133167E0,-6.145787239E-2,6.386739761E-2,7.201848179E-2,1.142049748E-1
3.680153167E0,-1.555422973E-2,9.484530240E-2,6.387381256E-2,1.154011672E-1
3.690173167E0,4.077482224E-2,7.461486012E-2,4.065211117E-2,9.424732156E-2
3.700193167E0,8.755709976E-2,4.839944094E-2,3.025462851E-2,1.045183914E-1
3.710213167E0,1.356750876E-1,4.007732868E-2,1.132141799E-2,1.419228529E-1
3.720232167E0,1.808011681E-1,3.242594004E-2,3.687366552E-4,1.836862541E-1
3.730252167E0,1.897975951E-1,1.442217361E-2,4.451693967E-4,1.903452768E-1
3.740272167E0,1.788602024E-1,-5.453269929E-3,9.158684872E-3,1.791775423E-1
3.750292167E0,1.577461213E-1,-2.567305416E-2,2.317889594E-2,1.614936708E-1
3.760312167E0,1.568996161E-1,-4.164829850E-2,4.087902606E-2,1.674012099E-1
3.770332167E0,1.531818360E-1,-5.881689861E-2,5.869610608E-2,1.742679985E-1
3.780351167E0,1.347385645E-1,-7.485911250E-2,5.801031739E-2,1.646923326E-1
3.790371167E0,1.134838685E-1,-8.479110897E-2,3.888748959E-2,1.469025440E-1
3.800391167E0,8.961837739E-2,-7.400138676E-2,1.643642224E-2,1.173789367E-1
3.810411167E0,7.520534843E-2,-5.593130738E-2,-1.974448562E-2,9.578100172E-2
3.820431167E0,6.204299256E-2,-6.257920712E-2,-4.688621685E-2,9.981887307E-2
3.830450167E0,4.570077360E-2,-8.449169993E-2,-5.513162911E-2,1.107560589E-1
3.840470167E0,3.537790105E-2,-9.853236377E-2,-5.192689598E-2,1.168615639E-1
3.850490167E0,1.098867320E-2,-9.425319731E-2,-4.554223269E-2,1.052545063E-1
3.860510167E0,-8.393014781E-3,-9.681515396E-2,-4.344020039E-2,1.064456093E-1
3.870530167E0,-2.188192680E-2,-1.041761339E-1,-5.248562619E-2,1.186854100E-1
3.880549167E0,-3.726522624E-2,-9.664298594E-2,-5.212771520E-2,1.159562957E-1
3.890569167E0,-5.591187999E-2,-7.075759023E-2,-4.457312450E-2,1.005959161E-1
3.900589167E0,-7.242892683E-2,-1.369522419E-2,-3.084895760E-2,7.990723867E-2
3.910609167E0,-8.146050572E-2,4.098293185E-2,-1.737496071E-2,9.282943475E-2
3.920629167E0,-9.210041910E-2,7.504776120E-2,-5.569384433E-3,1.189355780E-1
3.930649167E0,-9.320136905E-2,9.587155282E-2,-3.135521663E-3,1.337448366E-1
3.940668167E0,-9.051907808E-2,1.307967156E-1,-1.508007571E-2,1.597776361E-1
3.950688167E0,-8.502657712E-2,1.441793740E-1,-2.108363993E-2,1.687060478E-1
3.960708167E0,-9.839423001E-2,1.417344511E-1,-1.345046703E-2,1.730635553E-1
3.970728167E0,-1.171029359E-1,1.136620641E-1,5.742402282E-3,1.632946343E-1
3.980748167E0,-1.298743039E-1,6.868160516E-2,2.523130551E-2,1.490674897E-1
3.990767167E0,-1.310692728E-1,3.080292977E-2,1.844823360E-2,1.358981680E-1
4.000787167E0,-1.185702980E-1,2.528212778E-2,7.242706604E-3,1.214518766E-1
4.010807167E0,-1.069325507E-1,4.760554060E-2,-1.892418228E-2,1.185705805E-1
4.020827167E0,-7.810643315E-2,7.680870593E-2,-5.103729665E-2,1.208511392E-1
4.030847167E0,-5.293662846E-2,8.811329305E-2,-8.063167334E-2,1.306434300E-1
4.040866167E0,-4.653628543E-2,6.539520621E-2,-9.905128181E-2,1.274884908E-1
4.050886167E0,-1.978722960E-2,2.770028822E-2,-9.214783460E-2,9.823473848E-2
4.060906167E0,3.121239319E-2,-6.117402576E-3,-7.265848666E-2,7.931514223E-2
4.070926167E0,7.156381011E-2,-2.108063921E-2,-5.125386268E-2,9.051370452E-2
4.080946167E0,1.046710536E-1,-4.357931204E-3,-2.844903618E-2,1.085558321E-1
4.090965167E0,1.311053336E-1,4.003989324E-2,-1.197179314E-2,1.376049613E-1
4.100985167E0,1.393871754E-1,7.415513694E-2,1.229675836E-3,1.578900919E-1
4.111005167E0,1.360986978E-1,8.088441193E-2,1.727442257E-2,1.592593775E-1
4.121025167E0,1.377235651E-1,7.587950677E-2,3.345768154E-2,1.607634796E-1
4.131045167E0,1.381206363E-1,5.543042719E-2,4.025167227E-2,1.541753533E-1
4.141065167E0,1.279911101E-1,2.795543708E-2,4.192429408E-2,1.375531794E-1
4.151084167E0,1.200548932E-1,2.252978086E-2,4.509931430E-2,1.302102782E-1
4.161104167E0,9.736453742E-2,-7.305231877E-3,4.484691098E-2,1.074451720E-1
4.171124167E0,6.574056298E-2,-4.968864098E-2,4.128706083E-2,9.217051619E-2
4.181144167E0,3.461255133E-2,-8.609213680E-2,3.923524916E-2,1.007436822E-1
4.191164167E0,1.408756897E-2,-1.042716727E-1,3.249825165E-2,1.101234656E-1
4.201183167E0,-3.088897094E-3,-1.074355692E-1,2.166614123E-2,1.096419832E-1
4.211203167E0,-1.630536467E-2,-1.106761023E-1,2.020086907E-2,1.136799879E-1
4.221223167E0,-3.110105544E-2,-1.670725495E-1,1.895732060E-2,1.709967615E-1
4.231243167E0,-4.768029973E-2,-2.122094035E-1,1.915945485E-2,2.183422237E-1
4.241263167E0,-6.042630225E-2,-2.070419341E-1,2.201339602E-2,2.168001155E-1
4.251282167E0,-8.054514974E-2,-1.975008845E-1,2.795597352E-2,2.151177747E-1
4.261302167E0,-1.059991941E-1,-1.903134137E-1,3.380079195E-2,2.204484478E-1
4.271322167E0,-1.304704547E-1,-1.684142351E-1,3.089262359E-2,2.152678525E-1
4.281342167E0,-1.615611911E-1,-1.533729285E-1,3.272024170E-2,2.251574735E-1
4.291362167E0,-1.941561401E-1,-1.383138150E-1,2.618883923E-2,2.398190431E-1
4.301381625E0,-2.198968232E-1,-1.121386290E-1,8.597074077E-3,2.469890577E-1
4.311401625E0,-2.455148399E-1,-9.267438203E-2,-9.911095724E-3,2.626105624E-1
4.321421625E0,-2.519354522E-1,-7.645462453E-2,-2.040760219E-2,2.640705435E-1
4.331441625E0,-2.486405820E-1,-3.402274847E-2,-3.083813936E-2,2.528451646E-1
4.341461625E0,-2.372524589E-1,1.617485657E-2,-3.268067166E-2,2.400382918E-1
4.351481625E0,-2.250136286E-1,6.385609508E-2,-2.684994601E-2,2.354350304E-1
4.361500625E0,-2.177760601E-1,9.651465714E-2,-1.788362488E-2,2.388751043E-1
4.371520625E0,-2.072869390E-1,1.308478713E-1,-1.271016803E-2,2.454599537E-1
4.381540625E0,-1.831173897E-1,1.496482790E-1,-4.634271376E-3,2.365334274E-1
4.391560625E0,-1.542886794E-1,1.194618791E-1,-4.879548680E-3,1.951920776E-1
4.401580625E0,-1.234312505E-1,6.419555843E-2,8.590111975E-4,1.391297280E-1
4.411599625E0,-9.271621704E-2,1.645013876E-2,-3.479333827E-4,9.416488212E-2
4.421619625E0,-6.354865432E-2,-9.276841767E-3,-8.767635562E-3,6.481791953E-2
4.431639625E0,-3.169777989E-2,-1.707339427E-3,-2.183843032E-2,3.853026469E-2
4.441659625E0,-4.385448061E-3,3.337993473E-2,-3.224212676E-2,4.661552247E-2
4.451679625E0,2.022136003E-2,3.941944987E-2,-3.753036633E-2,5.806311072E-2
4.461698625E0,4.807285964E-2,4.710685462E-2,-3.776587918E-2,7.717718068E-2
4.471718625E0,7.646454871E-2,8.852246404E-2,-2.578325383E-2,1.197824279E-1
4.481738625E0,9.212008119E-2,8.817925304E-2,-1.119448524E-2,1.280117437E-1
4.491758625E0,9.934923798E-2,5.015942827E-2,6.965077482E-3,1.115112175E-1
4.501778625E0,1.033367440E-1,2.803598717E-2,2.095630392E-2,1.091039225E-1
4.511797625E0,1.069487855E-1,2.340743551E-3,4.213082790E-2,1.149718594E-1
4.521817625E0,1.046444401E-1,-2.110722661E-2,6.167946383E-2,1.232896189E-1
4.531837625E0,9.465492517E-2,-3.018567711E-2,6.985377520E-2,1.214507302E-1
4.541857625E0,8.125854284E-2,-1.694379002E-2,6.882409751E-2,1.078276365E-1
4.551877625E0,6.964928657E-2,-1.467344631E-2,6.283970922E-2,9.494820799E-2
4.561897625E0,5.121520534E-2,-4.834070429E-2,5.799581856E-2,9.123231839E-2
4.571916625E0,2.687923796E-2,-8.882740885E-2,5.123272166E-2,1.060075175E-1
4.581936625E0,6.707041990E-3,-1.238675639E-1,3.633284941E-2,1.292603332E-1
4.591956625E0,-1.002293546E-2,-1.456426233E-1,2.114350908E-2,1.475102740E-1
4.601976625E0,-3.489542753E-2,-1.108265966E-1,1.497665513E-2,1.171517203E-1
4.611996625E0,-6.153316423E-2,-7.846758515E-2,1.944144443E-2,1.015945962E-1
4.622015625E0,-7.575285435E-2,-9.953346103E-2,3.339081630E-2,1.294617759E-1
4.632035625E0,-8.386856318E-2,-1.220137328E-1,4.825977981E-2,1.557250565E-1
4.642055625E0,-1.078010872E-1,-1.328226626E-1,5.652908981E-2,1.801623493E-1
4.652075625E0,-1.249116361E-1,-1.150106341E-1,4.397255182E-2,1.753965453E-1
4.662095625E0,-1.300819516E-1,-7.682242990E-2,1.185035147E-2,1.515368955E-1
4.672114625E0,-1.355680674E-1,-2.679441310E-2,-2.592099644E-2,1.406006385E-1
4.682134625E0,-1.391348392E-1,4.972805828E-2,-5.633802712E-2,1.581308210E-1
4.692154625E0,-1.384174526E-1,8.937536925E-2,-7.414474338E-2,1.806786949E-1
4.702174625E0,-1.351462156E-1,9.428566694E-2,-8.842112124E-2,1.870095753E-1
4.712194625E0,-1.310028732E-1,1.155536771E-1,-9.624096006E-2,1.994410376E-1
4.722213625E0,-1.242711991E-1,1.282023638E-1,-9.113515168E-2,2.004614499E-1
4.732233625E0,-1.070288271E-1,1.122694612E-1,-7.487948239E-2,1.722397707E-1
4.742253625E0,-6.173801422E-2,1.011587903E-1,-4.649105668E-2,1.273031877E-1
4.752273625E0,-2.972495183E-2,9.368249774E-2,-1.648601703E-2,9.965827563E-2
4.762293625E0,-1.678649150E-2,7.108444721E-2,-3.391984152E-3,7.311833209E-2
4.772312625E0,-4.446735606E-3,5.798036605E-2,-5.653806962E-3,5.842483922E-2
4.782332625E0,2.099590749E-2,5.920912698E-2,-1.670262218E-2,6.500404938E-2
4.792352625E0,2.763277106E-2,3.346461430E-2,-2.393150702E-2,4.955973643E-2
4.802372625E0,3.812859580E-2,3.826320171E-4,-3.375430033E-2,5.092434600E-2
4.812392625E0,4.370499030E-2,-2.087125927E-2,-4.595264420E-2,6.676362145E-2
4.822412625E0,3.816439956E-2,-1.724844053E-2,-4.724197835E-2,6.313346666E-2
4.832431625E0,3.469190374E-2,-1.052555814E-2,-3.945995495E-2,5.358547941E-2
4.842451625E0,3.065335378E-2,-2.380378917E-2,-1.951591671E-2,4.344098850E-2
4.852471625E0,3.923938796E-2,-2.779933065E-2,1.954700856E-4,4.808919380E-2
4.862491625E0,4.498735070E-2,-3.085236996E-2,1.893648133E-2,5.774357783E-2
4.872511625E0,4.433647543E-2,-6.698827446E-2,3.619935736E-2,8.811098366E-2
4.882530625E0,5.247769877E-2,-8.519440889E-2,4.570817202E-2,1.100056052E-1
4.892550625E0,5.587775633E-2,-6.283291429E-2,4.233554751E-2,9.414136898E-2
4.902570625E0,4.096304625E-2,-3.342476487E-2,3.456838802E-2,6.316770943E-2
4.912590625E0,4.248557612E-2,-1.930308715E-2,2.910225093E-2,5.499613042E-2
4.922610625E0,5.051260442E-2,-2.979597636E-2,2.741399035E-2,6.473677686E-2
4.932629625E0,4.871736839E-2,-4.718189314E-2,3.093229234E-2,7.454072533E-2
4.942649625E0,4.783655703E-2,-7.391282916E-2,3.915297613E-2,9.635558127E-2
4.952669625E0,5.552724004E-2,-9.437868744E-2,5.773145705E-2,1.237882554E-1
4.962689625E0,4.488589615E-2,-1.002029106E-1,7.489037514E-2,1.329057382E-1
4.972709625E0,2.305090241E-2,-8.451022953E-2,7.355292886E-2,1.143825002E-1
4.982728625E0,1.301457174E-3,-5.573671311E-2,6.263631582E-2,8.385453499E-2
4.992748625E0,-1.224977151E-2,-4.883539677E-2,4.460911825E-2,6.726757250E-2
5.002768625E0,-2.370989695E-2,-5.166483298E-2,3.380614519E-2,6.613826149E-2
5.012788625E0,-4.652865976E-2,-3.662729263E-2,1.870548725E-2,6.209967792E-2
5.022808625E0,-6.275253743E-2,-1.499021053E-2,-4.791704006E-3,6.469580970E-2
5.032827625E0,-7.311942428E-2,-1.161518693E-2,-2.365673706E-2,7.772389583E-2
5.042847625E0,-7.728075236E-2,-9.274246171E-3,-3.441442177E-2,8.510392913E-2
5.052867625E0,-7.153498381E-2,-1.699874550E-2,-3.718011454E-2,8.239279201E-2
5.062887625E0,-5.405599624E-2,-6.153883878E-3,-2.971577272E-2,6.199151687E-2
5.072907625E0,-5.153398961E-2,4.020908475E-2,-2.664461546E-2,7.058652927E-2
5.082926625E0,-5.911032110E-2,6.783849001E-2,-3.194500878E-2,9.548075395E-2
5.092946625E0,-5.927969515E-2,8.820927888E-2,-3.335328773E-2,1.113885135E-1
5.102966625E0,-5.792441219E-2,8.148080111E-2,-3.642125055E-2,1.063995581E-1
5.112986625E0,-5.123268813E-2,5.006695539E-2,-2.398508601E-2,7.554318438E-2
5.123006625E0,-4.160261527E-2,4.925668985E-2,-1.309406850E-2,6.579098511E-2
5.133026625E0,-3.758070990E-2,8.263995498E-2,-9.464979172E-3,9.127572376E-2
5.143045625E0,-2.490595356E-2,1.112388894E-1,-1.055135205E-2,1.144802519E-1
5.153065625E0,-3.389210440E-3,1.203695387E-1,-7.681795396E-3,1.206620179E-1
5.163085625E0,1.348288078E-2,1.253358126E-1,-1.307746512E-3,1.260657138E-1
5.173105625E0,3.237268329E-2,1.057908684E-1,1.042241231E-2,1.111230180E-1
5.183125625E0,4.938854277E-2,8.662350476E-2,2.624774352E-2,1.031106385E-1
5.193144625E0,6.273683906E-2,6.855688989E-2,3.926634043E-2,1.008851011E-1
5.203164625E0,7.812659442E-2,6.106103584E-2,5.148768425E-2,1.117282260E-1
5.213184625E0,9.640920162E-2,5.970814824E-2,4.981415719E-2,1.238597892E-1
5.223204625E0,8.836722374E-2,3.928975016E-2,5.101783201E-2,1.093401568E-1
5.233224625E0,7.594598085E-2,2.146707661E-2,5.231612548E-2,9.468687539E-2
5.243243625E0,6.857040524E-2,1.395582221E-2,6.295673549E-2,9.412872034E-2
5.253263625E0,5.190860853E-2,-1.749717444E-2,7.004448026E-2,8.892066109E-2
5.263283625E0,4.128764570E-2,-4.282525927E-2,7.134556770E-2,9.289167105E-2
5.273303625E0,3.157855943E-2,-5.466034636E-2,7.702795416E-2,9.959048449E-2
5.283323625E0,2.694808878E-2,-6.923261285E-2,8.832412958E-2,1.154144967E-1
5.293342625E0,1.630689576E-2,-6.819371134E-2,9.100913256E-2,1.148867239E-1
5.303362250E0,-4.968671128E-4,-6.098359078E-2,9.550647438E-2,1.133169531E-1
5.313382250E0,-1.021580771E-2,-5.559175462E-2,9.239243716E-2,1.083105182E-1
5.323402250E0,-9.769178927E-3,-5.130900443E-2,7.726269215E-2,9.326078699E-2
5.333422250E0,-3.014795296E-2,-5.732614920E-2,5.378746614E-2,8.419191150E-2
5.343441250E0,-4.369334131E-2,-4.267143086E-2,2.853356488E-2,6.741011357E-2
5.353461250E0,-6.009681523E-2,-1.192922983E-2,-3.255789634E-3,6.135579754E-2
5.363481250E0,-7.885640860E-2,2.011824027E-2,-3.353466839E-2,8.802074046E-2
5.373501250E0,-9.158152342E-2,4.981168732E-2,-5.955268815E-2,1.200620768E-1
5.383521250E0,-9.208448231E-2,5.484784022E-2,-7.284968346E-2,1.295951922E-1
5.393540250E0,-9.093879163E-2,4.640854895E-2,-7.911556214E-2,1.291622600E-1
5.403560250E0,-9.681604058E-2,3.720640019E-2,-6.990873069E-2,1.250795449E-1
5.413580250E0,-9.835827351E-2,3.816593438E-2,-5.029641464E-2,1.168790736E-1
5.423600250E0,-1.026177108E-1,3.550511971E-2,-3.330032155E-2,1.135778126E-1
5.433620250E0,-1.218185648E-1,4.122026265E-2,-2.382932045E-2,1.307926195E-1
5.443639250E0,-1.356437206E-1,4.194205999E-2,-2.490648068E-2,1.441481464E-1
5.453659250E0,-1.443490684E-1,4.007811099E-2,-2.901254222E-2,1.525930409E-1
5.463679250E0,-1.582753062E-1,3.900852054E-2,-3.761589527E-2,1.672952265E-1
5.473699250E0,-1.633046865E-1,3.823673353E-2,-4.252357036E-2,1.730280974E-1
5.483719250E0,-1.776953489E-1,1.227123477E-2,-4.722068459E-2,1.842715748E-1
5.493739250E0,-1.862177253E-1,1.376066357E-4,-5.393051729E-2,1.938699586E-1
5.503758250E0,-1.877443045E-1,5.821078084E-4,-5.686756968E-2,1.961687621E-1
5.513778250E0,-1.780144572E-1,2.262482606E-2,-5.893977359E-2,1.888780735E-1
5.523798250E0,-1.624955237E-1,3.529660031E-2,-4.804833233E-2,1.730875139E-1
5.533818250E0,-1.571018249E-1,1.833519340E-2,-3.677597269E-2,1.623872990E-1
5.543838250E0,-1.492871791E-1,-5.887590814E-4,-3.012096882E-2,1.522966882E-1
5.553857250E0,-1.214734018E-1,-1.411761623E-2,-2.268542349E-2,1.243773407E-1
5.563877250E0,-1.016021222E-1,8.086482063E-3,-1.339023188E-2,1.027992254E-1
5.573897250E0,-6.969531626E-2,3.643237054E-2,-3.385534976E-3,7.871605032E-2
5.583917250E0,-3.983636200E-2,6.655508280E-2,1.603408158E-2,7.920610176E-2
5.593937250E0,-1.770149730E-2,7.073970884E-2,5.202271044E-2,8.957573229E-2
5.603956250E0,-2.400202677E-2,7.511585020E-3,1.069820747E-1,1.098985237E-1
5.613976250E0,-3.197260201E-2,-5.704237521E-2,1.587645710E-1,1.717040152E-1
5.623996250E0,-2.929607406E-2,-8.275135607E-2,1.979336292E-1,2.165265998E-1
5.634016250E0,-4.479380697E-2,-5.207361281E-2,2.119898051E-1,2.228403549E-1
5.644036250E0,-7.152580470E-2,-1.214258466E-2,1.856827885E-1,1.993526550E-1
5.654055250E0,-9.036047757E-2,-7.992580533E-3,1.568141133E-1,1.811617050E-1
5.664075250E0,-1.306890696E-1,4.044601321E-2,1.395811737E-1,1.954441530E-1
5.674095250E0,-1.626107693E-1,1.045685410E-1,1.115950719E-1,2.232270192E-1
5.684115250E0,-1.520464420E-1,2.394542545E-1,9.420818090E-2,2.988839940E-1
5.694135250E0,-1.267629266E-1,3.113713264E-1,8.242608607E-2,3.461430371E-1
5.704154250E0,-3.745460510E-2,3.979646862E-1,6.882207096E-2,4.056047538E-1
5.714174250E0,1.872802377E-1,4.150171578E-1,3.633204103E-2,4.567637747E-1
5.724194250E0,5.269864798E-1,3.775115013E-1,8.356703073E-2,6.536154313E-1
5.734214250E0,8.667382002E-1,2.305244505E-1,2.220250517E-1,9.239435879E-1
5.744234250E0,1.262972713E0,-6.756480783E-2,3.286792040E-1,1.306788083E0
5.754253250E0,1.695824265E0,-2.756397128E-1,3.468592763E-1,1.752743150E0
5.764273250E0,2.191453695E0,-3.190094233E-1,2.624900639E-1,2.230053216E0
5.774293250E0,2.684560061E0,-4.284813106E-1,1.320678890E-1,2.721745925E0
5.784313250E0,3.143343449E0,-5.358055234E-1,-5.253050476E-3,3.188686750E0
5.794333250E0,3.556748390E0,-6.320870519E-1,-6.565593928E-2,3.613074017E0
5.804352250E0,3.847991228E0,-7.829115987E-1,-9.632880241E-2,3.928010476E0
5.814372250E0,4.024075031E0,-8.702278137E-1,-8.360581845E-2,4.117944419E0
5.824392250E0,4.083416462E0,-8.342486024E-1,-2.420770563E-2,4.167834779E0
5.834412250E0,4.085579395E0,-7.709602118E-1,1.126390919E-1,4.159209806E0
5.844432250E0,4.057271481E0,-7.939723134E-1,2.649818361E-1,4.142711585E0
5.854451250E0,3.986943245E0,-8.261500001E-1,3.082736433E-1,4.083291920E0
5.864471250E0,3.836352825E0,-8.634924889E-1,2.655044198E-1,3.941283404E0
5.874491250E0,3.581851959E0,-8.413906693E-1,1.754341871E-1,3.683528047E0
5.884511250E0,3.312900543E0,-7.797800899E-1,8.350893110E-2,3.404458950E0
5.894531250E0,3.247712851E0,-5.970741510E-1,-1.919633895E-1,3.307716167E0
5.904550250E0,3.722184181E0,-9.007891417E-1,-4.831641912E-1,3.859990129E0
5.914570250E0,4.243285179E0,-1.376699567E0,-6.660940647E-1,4.510482470E0
5.924590250E0,4.938554764E0,-1.496680617E0,-8.354006410E-1,5.227549163E0
5.934610250E0,5.925617695E0,-1.603978515E0,-1.051402211E0,6.228253266E0
5.944630250E0,7.084275723E0,-1.592922091E0,-1.330144286E0,7.381981247E0
5.954649250E0,8.405323029E0,-1.173809052E0,-1.642346382E0,8.644338294E0
5.964669250E0,9.426393509E0,-8.261157274E-1,-1.769159675E0,9.626488858E0
5.974689250E0,1.054570007E1,-1.111290216E0,-1.856953979E0,1.076545559E1
5.984709250E0,9.547025681E0,3.181350470E0,-2.056797981E0,1.027117852E1
5.994729250E0,1.255397701E1,-2.200881720E0,-2.444442272E0,1.297773159E1
6.004748250E0,1.463745689E1,-1.099241257E0,-2.889765501E0,1.496042180E1
6.014768250E0,1.764727592E1,-3.043516576E-1,-3.945153236E0,1.808544198E1
6.024788250E0,2.073232841E1,-1.828822941E-1,-4.464002609E0,2.120825798E1
6.034808250E0,2.216031456E1,8.841124177E-1,-4.212577820E0,2.257447692E1
6.044828250E0,2.223618889E1,-7.368344814E-2,-3.890292168E0,2.257405366E1
6.054848250E0,2.216042900E1,-9.136543274E-1,-3.931954861E0,2.252508927E1
6.064867250E0,2.206858253E1,-1.768750072E0,-4.085577965E0,2.251316857E1
6.074887250E0,2.195474434E1,-2.667359114E0,-4.354459763E0,2.254078356E1
6.084907250E0,2.181024361E1,-3.618795156E0,-4.738693714E0,2.261056440E1
6.094927250E0,2.162295341E1,-4.651616096E0,-5.247446060E0,2.273159336E1
6.104947250E0,2.137598991E1,-5.780529976E0,-5.890589714E0,2.291389358E1
6.114966250E0,2.101870728E1,-7.002049446E0,-6.676331997E0,2.313845632E1
6.124986250E0,2.048963165E1,-8.323573112E0,-7.597999096E0,2.338453474E1
6.135006250E0,1.976294708E1,-9.766463280E0,-8.658112526E0,2.368376648E1
6.145026250E0,1.879786491E1,-1.131903172E1,-9.849202156E0,2.405175643E1
6.155046250E0,1.752016830E1,-1.296262932E1,-1.113992882E1,2.447619395E1
6.165065250E0,1.587802315E1,-1.468705750E1,-1.249824810E1,2.498054208E1
6.175085250E0,1.382170677E1,-1.642527008E1,-1.385955429E1,2.555222731E1
6.185105250E0,1.131994534E1,-1.809137535E1,-1.514871502E1,2.617102580E1
6.195125250E0,8.373052597E0,-1.953835487E1,-1.625152016E1,2.675756395E1
6.205145250E0,5.047300816E0,-2.061386490E1,-1.706557846E1,2.723307988E1
6.215164250E0,1.470079780E0,-2.116578865E1,-1.748941612E1,2.749602553E1
6.225184250E0,-2.175114155E0,-2.109510803E1,-1.746060562E1,2.747011928E1
6.235204250E0,-5.695756912E0,-2.042037582E1,-1.699866104E1,2.717329337E1
6.245224250E0,-8.928418159E0,-1.922804260E1,-1.615902138E1,2.665611084E1
6.255244250E0,-1.175512028E1,-1.765583420E1,-1.504347610E1,2.600418250E1
6.265263250E0,-1.413323498E1,-1.585602856E1,-1.377260494E1,2.531494854E1
6.275283250E0,-1.605193710E1,-1.397346783E1,-1.244973373E1,2.465600044E1
6.285303250E0,-1.756518936E1,-1.212338638E1,-1.115449619E1,2.408184295E1
6.295323250E0,-1.872044754E1,-1.036083984E1,-9.955204010E0,2.359890348E1
6.305343375E0,-1.958375359E1,-8.716957092E0,-8.873354912E0,2.320011148E1
6.315362375E0,-2.020273781E1,-7.200025558E0,-7.932024956E0,2.286718179E1
6.325382375E0,-2.064016724E1,-5.804025173E0,-7.141321659E0,2.259870985E1
6.335402375E0,-2.094264603E1,-4.510930061E0,-6.497704506E0,2.238667185E1
6.345422375E0,-2.113686943E1,-3.305619478E0,-5.998517990E0,2.221883407E1
6.355442375E0,-2.125260544E1,-2.168843746E0,-5.635616779E0,2.209382940E1
6.365461375E0,-2.130250359E1,-1.082033277E0,-5.412105083E0,2.200587050E1
6.375481375E0,-2.129707527E1,-1.135627367E-2,-5.324479580E0,2.195257677E1
6.385501375E0,-2.124401665E1,1.058588505E0,-5.369177341E0,2.193756865E1
6.395521375E0,-2.113084793E1,2.149259806E0,-5.548014641E0,2.195250597E1
6.405541375E0,-2.095882034E1,3.279221773E0,-5.863437176E0,2.200921037E1
6.415560375E0,-2.070434761E1,4.477119923E0,-6.318697929E0,2.210521559E1
6.425580375E0,-2.035565186E1,5.759216309E0,-6.917325974E0,2.225692103E1
6.435600375E0,-1.987458992E1,7.139703751E0,-7.661211967E0,2.246483614E1
6.445620375E0,-1.922918892E1,8.645343781E0,-8.549376488E0,2.275072557E1
6.455640375E0,-1.836492729E1,1.025950527E1,-9.577994347E0,2.311419431E1
6.465659375E0,-1.722966766E1,1.197159672E1,-1.072824192E1,2.356428973E1
6.475679375E0,-1.577081203E1,1.374601841E1,-1.196823215E1,2.410207699E1
6.485699375E0,-1.392114162E1,1.552058983E1,-1.323845577E1,2.469703634E1
6.495719375E0,-1.165277290E1,1.720121384E1,-1.446751499E1,2.531754064E1
6.505739375E0,-8.956812859E0,1.867119217E1,-1.556176853E1,2.590379419E1
6.515758375E0,-5.881748676E0,1.980123711E1,-1.640916252E1,2.638076142E1
6.525778375E0,-2.528614998E0,2.046628380E1,-1.691633415E1,2.667255195E1
6.535798375E0,9.526311159E-1,2.058866119E1,-1.702597427E1,2.673357955E1
6.545818375E0,4.379637241E0,2.015087128E1,-1.671458817E1,2.654460949E1
6.555838375E0,7.582669258E0,1.920039368E1,-1.602685547E1,2.613449993E1
6.565857375E0,1.044391441E1,1.784636688E1,-1.504830360E1,2.557380692E1
6.575877375E0,1.288676357E1,1.622531891E1,-1.387985039E1,2.493952477E1
6.585897375E0,1.489754677E1,1.445486164E1,-1.262646008E1,2.429624289E1
6.595917375E0,1.650262451E1,1.264713669E1,-1.137262249E1,2.369859119E1
6.605937375E0,1.774404526E1,1.087513542E1,-1.018164253E1,2.316863305E1
6.615956375E0,1.868182945E1,9.192074776E0,-9.099306107E0,2.272228778E1
6.625976375E0,1.938033485E1,7.613188267E0,-8.150691986E0,2.236049629E1
6.635996375E0,1.988420105E1,6.151416302E0,-7.343834400E0,2.207154905E1
6.646016375E0,2.023808479E1,4.791117668E0,-6.684399128E0,2.184527583E1
6.656036375E0,2.047804642E1,3.521939754E0,-6.173629761E0,2.167644226E1
6.666055375E0,2.062873650E1,2.331090689E0,-5.808930874E0,2.155742172E1
6.676075375E0,2.070132446E1,1.189492583E0,-5.583607674E0,2.147408675E1
6.686095375E0,2.070909500E1,7.802011818E-2,-5.491657257E0,2.142500881E1
6.696115375E0,2.064977837E1,-1.022232652E0,-5.530550003E0,2.140199265E1
6.706135375E0,2.053223801E1,-2.131000042E0,-5.703891754E0,2.141607667E1
6.716154375E0,2.034241867E1,-3.279096127E0,-6.011807442E0,2.146411651E1
6.726174375E0,2.006564522E1,-4.474875927E0,-6.455368042E0,2.154823448E1
6.736194375E0,1.967917633E1,-5.734035492E0,-7.038773537E0,2.167241281E1
6.746214375E0,1.916042519E1,-7.062525749E0,-7.756345749E0,2.184403952E1
6.756234375E0,1.848274803E1,-8.475367546E0,-8.606612206E0,2.207980080E1
6.766253375E0,1.760543442E1,-9.979938507E0,-9.580411911E0,2.239050660E1
6.776273375E0,1.647991753E1,-1.156086731E1,-1.065256596E1,2.277539234E1
6.786293375E0,1.506287098E1,-1.319794178E1,-1.179903316E1,2.324420214E1
6.796313375E0,1.330742836E1,-1.484236431E1,-1.297136974E1,2.378318442E1
6.806333375E0,1.118040180E1,-1.640369606E1,-1.410687923E1,2.435337083E1
6.816352375E0,8.684581757E0,-1.777846336E1,-1.511840057E1,2.490103925E1
6.826372375E0,5.864210606E0,-1.884985161E1,-1.592093658E1,2.536103494E1
6.836392375E0,2.793432951E0,-1.949350166E1,-1.642375755E1,2.564253667E1
6.846412375E0,-3.992349207E-1,-1.963964653E1,-1.658053017E1,2.570581811E1
6.856432375E0,-3.565442562E0,-1.926831436E1,-1.637149620E1,2.553441221E1
6.866451375E0,-6.554853916E0,-1.842141533E1,-1.582393456E1,2.515375832E1
6.876471375E0,-9.262593269E0,-1.720980644E1,-1.500644302E1,2.464074682E1
6.886491375E0,-1.162275696E1,-1.576144409E1,-1.399888134E1,2.407239660E1
6.896511375E0,-1.360076904E1,-1.421218967E1,-1.289212799E1,2.351965599E1
6.906531375E0,-1.521893978E1,-1.266589928E1,-1.175492096E1,2.302649125E1
6.916550375E0,-1.649997520E1,-1.117350960E1,-1.064199638E1,2.259089608E1
6.926570375E0,-1.748628807E1,-9.749530792E0,-9.587954521E0,2.219802904E1
6.936590375E0,-1.823272896E1,-8.390856743E0,-8.624815941E0,2.184551057E1
6.946610375E0,-1.879155922E1,-7.104832172E0,-7.764609814E0,2.153811746E1
6.956630375E0,-1.918688011E1,-5.902969837E0,-7.012529850E0,2.126398355E1
6.966649375E0,-1.945579529E1,-4.758852959E0,-6.383879662E0,2.102209721E1
6.976669375E0,-1.960697556E1,-3.669375181E0,-5.880743504E0,2.079617630E1
6.986689375E0,-1.969207001E1,-2.639858961E0,-5.500402451E0,2.061555004E1
6.996709375E0,-1.973162079E1,-1.669670105E0,-5.233206749E0,2.048197037E1
7.006729375E0,-1.973853302E1,-7.246960402E-1,-5.075908661E0,2.039361956E1
7.016748375E0,-1.971922684E1,2.155872732E-1,-5.021278381E0,2.034963443E1
7.026768375E0,-1.967686653E1,1.180896759E0,-5.084937096E0,2.035755827E1
7.036788375E0,-1.961595345E1,2.189232349E0,-5.261776924E0,2.042705716E1
7.046808375E0,-2.051033401E1,2.351329565E0,-3.998783588E0,2.102838135E1
7.056828375E0,-6.774188042E0,1.993110657E1,-4.403750002E-1,2.105546396E1
7.066847375E0,-5.928301811E-1,1.401259041E1,4.924552917E0,1.486456723E1
7.076867375E0,1.085483265E1,-9.084497452E0,2.790344715E0,1.442711022E1
7.086887375E0,1.234301853E1,-5.797968864E0,2.076911211E0,1.379420565E1
7.096907375E0,5.833454609E0,-6.218594074E0,-4.619786739E-1,8.538941927E0
7.106927375E0,3.481273413E0,-5.600304127E0,-1.261960626E0,6.713807825E0
7.116946375E0,3.347678900E0,1.511755884E-1,-7.611579895E-1,3.436447229E0
7.126966375E0,3.520245075E0,1.770711303E0,-3.165412903E0,5.054441883E0
7.136986375E0,4.905026913E0,-1.077417254E0,-4.940951824E0,7.045077848E0
7.147006375E0,5.150744915E0,-4.765396118E0,-4.983803749E0,8.606827125E0
7.157026375E0,3.516867399E0,-6.241609573E0,-5.203189850E0,8.854334023E0
7.167045375E0,-2.097631931E0,-3.677330971E0,3.744261742E0,5.651753602E0
7.177065375E0,-3.608541489E0,-3.087077856E0,6.798483372E0,8.292828077E0
7.187085375E0,-5.374499559E-1,-4.035961628E0,4.695216656E0,6.214732348E0
7.197105375E0,2.001595020E0,-3.107069254E0,2.466825008E0,4.443589495E0
7.207125375E0,2.755359650E0,-2.097222805E0,2.792378902E0,4.448340165E0
7.217144375E0,2.382065773E0,-1.844447970E0,3.410007477E0,4.550206221E0
7.227164375E0,1.867675185E0,-1.641375303E0,3.147120237E0,4.010821521E0
7.237184375E0,1.453701735E0,-1.439108491E0,2.296176195E0,3.075175946E0
7.247204375E0,1.008537889E0,-1.976150393E0,1.738976121E0,2.818928342E0
7.257224375E0,6.608793736E-1,-2.419442892E0,1.380652547E0,2.862982171E0
7.267243375E0,2.495416552E-1,-2.460037708E0,1.539201856E0,2.912593160E0
7.277263375E0,-6.967726946E-1,-2.127361059E0,2.037356853E0,3.026876313E0
7.287283375E0,-1.712364912E0,-1.331070900E0,2.575373173E0,3.366970495E0
7.297303375E0,-2.332702398E0,-9.147930741E-1,3.027251959E0,3.929707530E0
7.307323542E0,-2.436929703E0,-1.214269638E0,3.286592007E0,4.267875836E0
7.317342542E0,-2.167181253E0,-1.508158803E0,3.395484924E0,4.301224876E0
7.327362542E0,-1.651223660E0,-1.478769660E0,3.323035717E0,3.994479398E0
7.337382542E0,-1.198704123E0,-1.301170349E0,2.908912897E0,3.404660056E0
7.347402542E0,-1.109800935E0,-1.140632868E0,2.300050020E0,2.796950402E0
7.357422542E0,-1.037862897E0,-8.025033474E-1,1.267658710E0,1.824316207E0
7.367441542E0,-8.139491081E-1,-9.288581610E-1,7.959839702E-2,1.237589002E0
7.377461542E0,-6.307931542E-1,-1.033240318E0,-7.519975901E-1,1.425126638E0
7.387481542E0,-4.475472867E-1,-5.638764501E-1,-1.057760119E0,1.279496657E0
7.397501542E0,-2.710604072E-1,4.325239360E-1,-9.063549638E-1,1.040206720E0
7.407521542E0,-6.218111515E-1,1.455814242E0,-3.658461273E-1,1.624773093E0
7.417540542E0,-1.380362034E0,1.701352835E0,2.780801356E-1,2.208467653E0
7.427560542E0,-1.948526144E0,1.528542399E0,8.731415272E-1,2.625942141E0
7.437580542E0,-2.283664703E0,1.563038826E0,1.512171030E0,3.153549758E0
7.447600542E0,-3.143599272E0,8.198650479E-1,1.673567414E0,3.654479849E0
7.457620542E0,-3.919280052E0,9.940754771E-1,1.612482190E0,4.353049620E0
7.467639542E0,-4.750033855E0,1.286156535E0,1.631103635E0,5.184353318E0
7.477659542E0,-5.348844528E0,1.436700225E0,1.777047873E0,5.816540593E0
7.487679542E0,-5.333847046E0,8.789862990E-1,1.865215898E0,5.718528794E0
7.497699542E0,-4.316180229E0,-1.251878858E0,2.391096115E0,5.090574926E0
7.507719542E0,-2.334244728E0,-1.854910016E0,3.382037878E0,4.508610632E0
7.517738542E0,-1.445092678E0,-1.218513012E0,3.758131027E0,4.206734556E0
7.527758542E0,-9.821474552E-1,-7.085111141E-1,3.645026445E0,3.840939912E0
7.537778542E0,-8.320317268E-1,4.836973846E-1,3.300371885E0,3.437832825E0
7.547798542E0,-3.950636983E-1,1.622977138E0,2.340382338E0,2.875329477E0
7.557818542E0,-3.455568850E-1,2.289085627E0,1.589075208E0,2.807932083E0
7.567837542E0,-7.167986631E-1,2.793433428E0,9.771159291E-1,3.044967353E0
7.577857542E0,-9.149341583E-1,2.457921743E0,4.439979792E-1,2.660003387E0
7.587877542E0,-1.068612814E0,1.888533354E0,1.880084276E-1,2.178035524E0
7.597897542E0,-1.125629306E0,1.407292962E0,7.311567664E-2,1.803568883E0
7.607917542E0,-1.271031857E0,8.326721191E-1,-6.536113098E-3,1.519508986E0
7.617936542E0,-1.333910942E0,2.894551754E-1,-2.828188799E-2,1.365248170E0
7.627956542E0,-1.162674665E0,5.346320271E-1,2.853237987E-1,1.311126787E0
7.637976542E0,-1.001009107E0,1.297532320E0,6.580824256E-1,1.765979001E0
7.647996542E0,-7.723084092E-1,1.955924392E0,1.039067864E0,2.345583623E0
7.658016542E0,-4.228934348E-1,1.643683672E0,1.469785213E0,2.245173366E0
7.668035542E0,1.392477155E-1,9.009850621E-1,1.889451742E0,2.097901784E0
7.678055542E0,6.302456856E-1,3.921444714E-1,2.194057465E0,2.316219996E0
7.688075542E0,8.758446574E-1,3.590645790E-1,2.351541519E0,2.534911981E0
7.698095542E0,8.790079355E-1,5.111156702E-1,2.430519342E0,2.634638202E0
7.708114542E0,6.660003662E-1,6.213077903E-1,2.490603209E0,2.651920851E0
7.718134542E0,4.387970865E-1,6.767878532E-1,2.491251469E0,2.618571855E0
7.728154542E0,3.717864752E-1,8.775625229E-1,2.426136255E0,2.606622008E0
7.738174542E0,1.374689341E0,2.830323696E0,1.789941669E0,3.619999197E0
7.748194542E0,1.101650834E0,3.862006664E0,1.669921875E0,4.349410202E0
7.758214542E0,8.462829590E-1,4.267158985E0,1.721435905E0,4.678480760E0
7.768233542E0,6.460149288E-1,4.054890633E0,1.901620507E0,4.525000982E0
7.778253542E0,4.933753014E-1,3.713613510E0,2.113042116E0,4.301080268E0
7.788273542E0,2.821414769E-1,3.400079966E0,2.372651339E0,4.155673466E0
7.798293542E0,1.847672611E-1,3.198317528E0,2.685774088E0,4.180521068E0
7.808312542E0,1.857750267E-1,3.212223768E0,2.968107700E0,4.377505822E0
7.818332542E0,-8.903336525E-2,3.418392658E0,3.366340399E0,4.798497993E0
7.828352542E0,-3.044012785E-1,3.182845592E0,3.637204409E0,4.842770087E0
7.838372542E0,-4.424419701E-1,2.946054935E0,3.771213293E0,4.805938439E0
7.848392542E0,-8.188636303E-1,2.912651539E0,4.159956455E0,5.143861812E0
7.858411542E0,-1.625712752E0,3.086863279E0,4.814427853E0,5.945618757E0
7.868431542E0,-2.758863926E0,2.684142113E0,5.310707092E0,6.558929704E0
7.878451542E0,-3.277252436E0,2.825036943E-1,5.743209839E0,6.618508224E0
7.888471542E0,-3.609859228E0,-1.140042186E0,6.241204739E0,7.299549056E0
7.898491542E0,-3.521279573E0,-7.770253420E-1,6.000836372E0,7.000943892E0
7.908510542E0,-3.190007210E0,-2.008388281E0,5.761751652E0,6.885314196E0
7.918530542E0,-1.978590012E0,-3.004766941E0,5.465450764E0,6.543286243E0
7.928550542E0,-8.703191876E-1,-1.801016927E0,5.450975895E0,5.806397822E0
7.938570542E0,-3.628556430E-2,-2.289114445E-1,5.288757324E0,5.293833311E0
7.948590542E0,8.524569273E-1,6.295743585E-1,5.068240166E0,5.177847532E0
7.958609542E0,1.607073665E0,1.308207154E0,4.905802250E0,5.325503491E0
7.968629542E0,2.144745588E0,1.696012259E0,4.989331245E0,5.689447908E0
7.978649542E0,2.657114267E0,1.575733423E0,5.224550247E0,6.069523650E0
7.988669542E0,3.098031282E0,1.153231621E0,5.111848354E0,6.087588570E0
7.998689542E0,3.082242966E0,9.357230067E-1,4.222568989E0,5.310921588E0
8.008708542E0,2.609550953E0,8.965202570E-1,2.979660988E0,4.061020112E0
8.018728542E0,1.940899730E0,1.538723469E0,1.983466506E0,3.173153172E0
8.028748542E0,1.366834879E0,2.466830254E0,1.646727681E0,3.265761954E0
8.038768542E0,9.377602339E-1,2.780446529E0,1.994334579E0,3.547907492E0
8.048788542E0,4.542611241E-1,2.586081505E0,2.548088551E0,3.658814833E0
8.058807542E0,-1.910204142E-1,2.008009911E0,2.965385675E0,3.586377672E0
8.068827542E0,-6.921219230E-1,8.335750699E-1,2.944390535E0,3.137405899E0
8.078847542E0,-8.682460785E-1,-3.236815929E-1,2.397249937E0,2.570102778E0
8.088867542E0,-8.479189873E-1,-1.035658360E0,1.573978305E0,2.066146788E0
8.098887542E0,-6.429005861E-1,-1.436577916E0,7.552304864E-1,1.745694807E0
8.108906542E0,-3.823606074E-1,-1.307674289E0,3.436840177E-1,1.405108673E0
8.118926542E0,-9.181933105E-2,-9.621691108E-1,4.600505829E-1,1.070442304E0
8.128946542E0,2.588376701E-1,-8.274708390E-1,7.344602942E-1,1.136282030E0
8.138966542E0,5.754680634E-1,-9.283886552E-1,8.726810217E-1,1.398084816E0
8.148986542E0,7.539295554E-1,-1.102693796E0,8.177203536E-1,1.566208785E0
8.159005542E0,7.543413043E-1,-9.808487892E-1,7.072726488E-1,1.425247259E0
8.169025542E0,7.149950266E-1,-6.753665805E-1,6.259346604E-1,1.165818213E0
8.179045542E0,7.334419489E-1,-4.709159732E-1,6.014008522E-1,1.058953224E0
8.189065542E0,8.089883924E-1,-3.930953443E-1,6.150766611E-1,1.089635475E0
8.199085542E0,8.916643858E-1,-3.070504665E-1,6.621256471E-1,1.152282838E0
8.209104542E0,9.776549339E-1,-1.105508767E-2,7.294552922E-1,1.219850978E0
8.219124542E0,1.022710443E0,1.706598550E-1,7.910696268E-1,1.304167393E0
8.229144542E0,1.070188642E0,3.041636646E-1,7.340255976E-1,1.332896411E0
8.239164542E0,1.096741915E0,4.551771581E-1,5.919672251E-1,1.326821114E0
8.249184542E0,1.096909761E0,6.095728278E-1,4.286706150E-1,1.326102769E0
8.259203542E0,1.096434116E0,7.629258633E-1,2.711403668E-1,1.362989634E0
8.269223542E0,1.096488237E0,8.190469146E-1,1.531896442E-1,1.377167880E0
8.279243542E0,1.093238950E0,7.886426449E-1,1.177035570E-1,1.353138112E0
8.289263542E0,1.086174726E0,6.577834487E-1,2.021235973E-1,1.285810464E0
8.299282542E0,1.033926249E0,5.038285255E-1,3.492544591E-1,1.202008880E0
8.309302125E0,9.513899088E-1,3.501178920E-1,4.944782257E-1,1.127933514E0
8.319322125E0,8.309311867E-1,2.224893868E-1,6.095089316E-1,1.054252959E0
8.329342125E0,6.650977731E-1,1.107159480E-1,6.877037883E-1,9.630937490E-1
8.339362125E0,4.828196466E-1,-1.001367159E-2,7.267028093E-1,8.725319810E-1
8.349381125E0,3.164477646E-1,-5.950344354E-2,7.326348424E-1,8.002709915E-1
8.359401125E0,2.253042758E-1,-1.024860665E-1,7.036790848E-1,7.459421324E-1
8.369421125E0,2.168660760E-1,-1.440737545E-1,6.754238605E-1,7.238684501E-1
8.379441125E0,2.751842439E-1,-6.105848774E-2,6.697835326E-1,7.266804577E-1
8.389461125E0,3.988910019E-1,1.212687045E-1,6.611371040E-1,7.816152509E-1
8.399480125E0,5.802174211E-1,3.497980237E-1,5.968630314E-1,9.029154951E-1
8.409500125E0,7.751476169E-1,6.422646642E-1,5.383439064E-1,1.141565543E0
8.419520125E0,9.250665307E-1,1.006239414E0,5.588651299E-1,1.476684150E0
8.429540125E0,1.017685056E0,1.359541893E0,6.191671491E-1,1.807596468E0
8.439560125E0,1.059623003E0,1.595932961E0,6.593912840E-1,2.025981192E0
8.449579125E0,1.016438246E0,1.766318321E0,6.897460222E-1,2.151459201E0
8.459599125E0,8.938015699E-1,1.846780896E0,7.347651124E-1,2.179302800E0
8.469619125E0,7.487904429E-1,1.787907481E0,7.536594272E-1,2.079736238E0
8.479639125E0,6.742922664E-1,1.471416593E0,7.244037986E-1,1.773273164E0
8.489659125E0,6.505066752E-1,1.136898994E0,6.641523242E-1,1.468603612E0
8.499678125E0,6.623702645E-1,9.159803987E-1,6.081500053E-1,1.283589065E0
8.509698125E0,6.831171513E-1,8.441872597E-1,5.520151258E-1,1.218204363E0
8.519718125E0,6.645386815E-1,8.808696270E-1,5.226143599E-1,1.220929453E0
8.529738125E0,6.173294783E-1,9.235829711E-1,5.197184086E-1,1.226461746E0
8.539758125E0,5.188939571E-1,1.028226018E0,5.172477961E-1,1.262554936E0
8.549777125E0,4.083895087E-1,1.109984756E0,5.104434490E-1,1.288177264E0
8.559797125E0,3.539944589E-1,1.077380180E0,5.128682256E-1,1.244626027E0
8.569817125E0,3.756725192E-1,9.943544269E-1,5.285477638E-1,1.187111329E0
8.579837125E0,4.432747364E-1,9.826799035E-1,5.628316998E-1,1.216113402E0
8.589857125E0,5.052864552E-1,1.005817413E0,6.008616090E-1,1.275937986E0
8.599876125E0,5.490416288E-1,1.003678560E0,6.171913147E-1,1.299900951E0
8.609896125E0,5.665748119E-1,1.021123409E0,6.179794669E-1,1.321211057E0
8.619916125E0,5.901166201E-1,1.052576780E0,5.659437180E-1,1.332834497E0
8.629936125E0,6.126923561E-1,1.118576765E0,4.614595473E-1,1.356300415E0
8.639955125E0,6.225322485E-1,1.207796931E0,3.544193804E-1,1.404255292E0
8.649975125E0,6.189474463E-1,1.314025283E0,2.528037727E-1,1.474336506E0
8.659995125E0,5.987601280E-1,1.403665185E0,1.675935239E-1,1.535212439E0
8.670015125E0,5.809758306E-1,1.470170259E0,1.429868042E-1,1.587255094E0
8.680035125E0,5.816640258E-1,1.499595046E0,2.117853165E-1,1.622335157E0
8.690054125E0,5.861685276E-1,1.490582108E0,3.210946620E-1,1.633563695E0
8.700074125E0,5.804224610E-1,1.430599213E0,4.181093574E-1,1.599474844E0
8.710094125E0,5.507141948E-1,1.322716355E0,5.007162094E-1,1.517755383E0
8.720114125E0,4.956544042E-1,1.191419840E0,4.981622696E-1,1.383228170E0
8.730134125E0,4.306050241E-1,1.058173537E0,4.462621212E-1,1.226499818E0
8.740153125E0,3.622824252E-1,9.231309891E-1,3.973502219E-1,1.068319511E0
8.750173125E0,3.070296645E-1,8.111691475E-1,3.426338136E-1,9.325559131E-1
8.760193125E0,2.839464545E-1,6.817352772E-1,2.931632102E-1,7.945648148E-1
8.770213125E0,3.180637956E-1,5.812212825E-1,2.667440176E-1,7.142374452E-1
8.780233125E0,3.801894784E-1,5.512274504E-1,2.568410635E-1,7.171910997E-1
8.790252125E0,3.985272646E-1,5.497767329E-1,2.381597161E-1,7.195821614E-1
8.800272125E0,3.388567567E-1,5.380468369E-1,2.159638703E-1,6.715345810E-1
8.810292125E0,-1.143384278E-1,4.533717632E-1,2.485209703E-1,5.295110050E-1
8.820312125E0,-3.648478687E-1,1.494824290E-1,3.747656941E-1,5.439745301E-1
8.830332125E0,-4.222131968E-1,8.409868926E-3,4.502994120E-1,6.173364317E-1
8.840351125E0,-3.491663933E-1,3.393173963E-2,5.010121465E-1,6.116221906E-1
8.850371125E0,-2.956323028E-1,5.287409760E-3,5.222477317E-1,6.001409071E-1
8.860391125E0,-3.264485598E-1,-9.912607819E-2,5.150364637E-1,6.177841051E-1